-- Lezendo demo seed — generated from the dev database 2026-06-15.
-- Loads demo CONTENT (users, crags, sectors, routes, images, ascents,
-- gear, forum, reviews). Assumes the schema and migration-seeded
-- reference data (grading_systems, grade_equivalencies, countries)
-- already exist in the target database.
--
-- WARNING: the TRUNCATE below wipes existing demo content first so the
-- seed is repeatable. Remove it if you want to append instead.

BEGIN;

TRUNCATE entity_reviews, forum_posts, forum_topics, gear_reviews,
  gear_items, ascents, images, routes, sectors, crags, users
  RESTART IDENTITY CASCADE;

-- ============================ users ============================
INSERT INTO public.users (id, email, name, password_hash, created_at, role, preferred_rope_grading_system_id, preferred_boulder_grading_system_id) VALUES (1, 'admin@lezendo.test', 'Ada Admin', '$2b$10$3WHDEHzpwuWbOrosFq/ay.Nn7StGnnOF2/ufosLrSTvjP9g2NTuzK', '2026-06-15 08:53:53.632167+00', 'admin', 1, 5);
INSERT INTO public.users (id, email, name, password_hash, created_at, role, preferred_rope_grading_system_id, preferred_boulder_grading_system_id) VALUES (2, 'lukas@lezendo.test', 'Lukas Climber', '$2b$10$3WHDEHzpwuWbOrosFq/ay.Nn7StGnnOF2/ufosLrSTvjP9g2NTuzK', '2026-06-15 08:53:53.635876+00', 'member', 1, 5);
INSERT INTO public.users (id, email, name, password_hash, created_at, role, preferred_rope_grading_system_id, preferred_boulder_grading_system_id) VALUES (3, 'mara@lezendo.test', 'Mara Boulder', '$2b$10$3WHDEHzpwuWbOrosFq/ay.Nn7StGnnOF2/ufosLrSTvjP9g2NTuzK', '2026-06-15 08:53:53.636968+00', 'member', 1, 5);
INSERT INTO public.users (id, email, name, password_hash, created_at, role, preferred_rope_grading_system_id, preferred_boulder_grading_system_id) VALUES (4, 'lukas.sitter@gmail.con', 'Lukyno', '$2b$12$rF2a07OiGsOGFKzX7CYe7e3qeBqyrQJErgrrdjmnfIDYR99CEywWi', '2026-06-15 11:20:01.778405+00', 'member', 3, 4);
SELECT pg_catalog.setval('public.users_id_seq', 4, true);

-- ============================ crags ============================
INSERT INTO public.crags (id, name, area, country, description, created_at, deleted, created_by) VALUES (1, 'Arco', 'Sarca Valley', 'Italy', 'Spread along the Sarca Valley at the northern tip of Lake Garda, Arco is one of Europe''s great year-round sport-climbing hubs. Hundreds of bolted lines thread the grey and orange limestone, from slabby single-pitch warm-ups to steep, tufa-streaked testpieces and long multi-pitches on the surrounding massifs. Its sunny, sheltered aspect keeps the valley climbable through winter, while shady sectors and the cool river offer respite in summer. With its medieval castle, easy living and the famous Rockmaster festival, the town has been a climbers'' pilgrimage since the 1980s.', '2026-06-15 08:53:53.637843+00', false, 1);
INSERT INTO public.crags (id, name, area, country, description, created_at, deleted, created_by) VALUES (2, 'Kalymnos', 'Dodecanese', 'Greece', 'A small island in the Greek Dodecanese, Kalymnos has become a sport-climbing paradise, rising straight out of the turquoise Aegean in tiers of grey and orange limestone. Its walls drip with tufas, stalactites and pockets, giving wildly three-dimensional climbing across more than eighty sectors, most just a short scooter ride from the harbour. Grades span the full range with an unusual concentration of brilliant routes in the 6s and 7s, on rock that stays vertical to steeply overhanging. Warm spring and autumn temperatures, cheap tavernas and a relaxed island pace make it as much a holiday as a climbing trip.', '2026-06-15 08:53:53.647411+00', false, 1);
INSERT INTO public.crags (id, name, area, country, description, created_at, deleted, created_by) VALUES (3, 'Fontainebleau', 'Île-de-France', 'France', 'The forest of Fontainebleau, an hour south of Paris, is the spiritual home of bouldering. Thousands of sandstone blocks lie scattered through the woods, offering everything from polished classics and delicate slabs to brutal overhanging testpieces, all on rock famous for its grippy friction and rounded, sloping holds. The colour-coded circuits — graded paths linking dozens of problems — make it ideal for a full day''s roaming, whatever your level. Climbers have trained here for more than a century, and ''Font'' grades remain the benchmark for boulderers worldwide.', '2026-06-15 08:53:53.654348+00', false, 1);
INSERT INTO public.crags (id, name, area, country, description, created_at, deleted, created_by) VALUES (4, 'Finale Ligure', 'Liguria', 'Italy', 'Perched above the Italian Riviera in Liguria, Finale Ligure offers sunny seaside limestone with thousands of routes packed into a compact, walker-friendly area. The grey and ochre rock is riddled with pockets, tufas and the occasional fossil, giving varied climbing from gentle slabs to steep, pumpy walls — much of it climbable right through the winter. Shady caves cover the hot days, mellow grades welcome beginners, and hard projects await the obsessed, with beaches and focaccia a short drive away. It is one of Europe''s classic all-round winter destinations.', '2026-06-15 11:56:48.881207+00', false, 2);
INSERT INTO public.crags (id, name, area, country, description, created_at, deleted, created_by) VALUES (5, 'Sperlonga', 'Lazio', 'Italy', 'Halfway between Rome and Naples, Sperlonga is a whitewashed cliff-top village fringed by beaches, with steep grey limestone crags rising just behind the town. The rock is compact and pocketed, with tufa features and a famous cave that stays dry and shaded — perfect for powerful winter sport climbing within sight of the Tyrrhenian Sea. Most routes are vertical to overhanging in the 6th and 7th grades, with quick roadside access. Roman ruins, fresh seafood and an easy swim make it a quintessential central-Italian trip.', '2026-06-15 11:56:48.881207+00', false, 2);
INSERT INTO public.crags (id, name, area, country, description, created_at, deleted, created_by) VALUES (6, 'San Vito Lo Capo', 'Sicily', 'Italy', 'On the wild northwestern tip of Sicily, San Vito Lo Capo pairs golden limestone crags with a famous crescent of white-sand beach. Sectors range from sea-level walls to shady caves and the towering flanks of Monte Monaco, offering sun or shade in any season and grades for everyone. The rock is solid and richly featured, the winters mild, and the annual autumn climbing festival draws climbers from across Europe. Couscous, swimming and dramatic coastal scenery round out the experience.', '2026-06-15 11:56:48.881207+00', false, 2);
INSERT INTO public.crags (id, name, area, country, description, created_at, deleted, created_by) VALUES (7, 'Val di Mello', 'Lombardy', 'Italy', 'A glacier-carved granite valley in the Italian Alps north of Milan, Val di Mello is often called ''Italy''s Yosemite''. Pristine slabs, soaring cracks and house-sized boulders rise from green meadows and clear streams, offering long trad and slab routes alongside the celebrated bouldering of the Melloblocco gathering. The climbing rewards delicate footwork and a cool head rather than raw power, and the protected valley remains gloriously car-free and unspoilt. It is at its best from late spring through autumn, when the granite is dry and the pastures bloom.', '2026-06-15 11:56:48.881207+00', false, 2);
INSERT INTO public.crags (id, name, area, country, description, created_at, deleted, created_by) VALUES (8, 'Leonidio', 'Peloponnese', 'Greece', 'Tucked beneath towering red and grey limestone walls on the east coast of the Peloponnese, Leonidio has rapidly become one of Greece''s premier sport-climbing destinations. Hundreds of routes — many bolted within the last decade — climb immaculate tufa-streaked faces and caves across dozens of sectors above the olive groves and the sea. Grades cluster generously in the 6s and 7s, with steep, athletic lines and a growing tally of hard projects. Quiet villages, welcoming locals and mild winter sun make it a worthy rival to Kalymnos.', '2026-06-15 11:56:48.881207+00', false, 2);
INSERT INTO public.crags (id, name, area, country, description, created_at, deleted, created_by) VALUES (9, 'Meteora', 'Thessaly', 'Greece', 'In central Greece, the otherworldly conglomerate towers of Meteora soar hundreds of metres above the plain, crowned by centuries-old monasteries. Climbing here is a serious adventure: long, often boldly protected routes ascend rounded cobbles and pebbles cemented into vertical pillars, demanding commitment and a steady head as much as technique. The traditional ethic and sparse bolting keep the crowds away and reward those seeking summits and solitude. The surreal scenery and deep history make every route a memorable outing.', '2026-06-15 11:56:48.881207+00', false, 2);
INSERT INTO public.crags (id, name, area, country, description, created_at, deleted, created_by) VALUES (10, 'Kyparissi', 'Peloponnese', 'Greece', 'A remote seaside village on the Peloponnese coast, Kyparissi is one of Greece''s newest and most scenic climbing areas. Sectors of clean grey and orange limestone rise directly from the bay, some with belays just metres above the water, offering vertical to overhanging sport routes in a tranquil, undeveloped setting. The grades suit everyone, the rock is impeccable, and the slow rhythm of the fishing village — tavernas, clear swimming, little traffic — makes it feel like a discovery. Spring and autumn bring the finest conditions.', '2026-06-15 11:56:48.881207+00', false, 2);
INSERT INTO public.crags (id, name, area, country, description, created_at, deleted, created_by) VALUES (11, 'Céüse', 'Hautes-Alpes', 'France', 'High on a crescent-shaped mountain above Gap in the French Alps, Céüse is regarded by many as the finest sport crag in the world. A long band of compact blue-grey limestone gives steep, sustained climbing on pockets, crimps and tufas, home to legendary hard routes like Biographie alongside brilliant lines throughout the grades. The 45-minute uphill approach and high altitude keep it cool, quiet and special, with conditions best from late spring to autumn. For many climbers a trip here is nothing short of a pilgrimage.', '2026-06-15 11:56:48.881207+00', false, 2);
INSERT INTO public.crags (id, name, area, country, description, created_at, deleted, created_by) VALUES (12, 'Gorges du Verdon', 'Provence', 'France', 'France''s grand canyon, the Gorges du Verdon, plunges hundreds of metres to a turquoise river through sheer walls of grey limestone in Provence. It is one of Europe''s great venues for long, exposed multi-pitch climbing, with many routes reached by a committing abseil from the rim into vertical and overhanging terrain. The position is breathtaking and the climbing demanding — technical faces, tufas and the occasional bold runout — best enjoyed by confident climbers in spring and autumn. Single-pitch sectors and via ferratas round out the offering.', '2026-06-15 11:56:48.881207+00', false, 2);
INSERT INTO public.crags (id, name, area, country, description, created_at, deleted, created_by) VALUES (13, 'Saint-Léger-du-Ventoux', 'Provence', 'France', 'In a quiet gorge beneath Mont Ventoux in Provence, Saint-Léger offers compact, pockety limestone prized for its technical, fingery climbing. The sheltered walls catch afternoon shade and stay climbable across much of the year, with sectors ranging from vertical pocket-pulling to a steep cave for bad weather. The grades lean towards the harder end but there is plenty for everyone, and the peaceful Provençal setting — lavender, vineyards and the looming Ventoux — adds to the charm.', '2026-06-15 11:56:48.881207+00', false, 2);
SELECT pg_catalog.setval('public.crags_id_seq', 13, true);

-- ============================ sectors ============================
INSERT INTO public.sectors (id, crag_id, name, description, created_at, deleted, created_by, latitude, longitude, parking_latitude, parking_longitude) VALUES (1, 1, 'Massone', 'Arco''s most popular wall: a vast sweep of vertical to gently overhanging limestone with fast access and afternoon shade. Dozens of single-pitch routes pack the cliff, from polished slab classics to crimpy testpieces, making it the perfect place to clock up mileage.', '2026-06-15 08:53:53.640975+00', false, 1, 45.9358, 10.8861, 45.9372, 10.884);
INSERT INTO public.sectors (id, crag_id, name, description, created_at, deleted, created_by, latitude, longitude, parking_latitude, parking_longitude) VALUES (2, 1, 'Policromuro', 'A steep, colourful cave sector that stays dry in the rain — Arco''s go-to crag when the weather turns. Powerful, three-dimensional climbing on orange tufas, pockets and the occasional jug rewards good footwork and a strong core.', '2026-06-15 08:53:53.644854+00', false, 1, 45.9301, 10.8807, 45.9315, 10.879);
INSERT INTO public.sectors (id, crag_id, name, description, created_at, deleted, created_by, latitude, longitude, parking_latitude, parking_longitude) VALUES (3, 2, 'Grande Grotta', 'Kalymnos''s iconic cave: an enormous orange amphitheatre hung with giant stalactites and tufa blobs. The climbing is wildly steep and photogenic, with kneebars and rests hidden among the features — home to some of the island''s most famous routes.', '2026-06-15 08:53:53.648532+00', false, 1, 36.9961, 27.0042, 36.9948, 27.006);
INSERT INTO public.sectors (id, crag_id, name, description, created_at, deleted, created_by, latitude, longitude, parking_latitude, parking_longitude) VALUES (4, 2, 'Odyssey', 'Vertical to slightly overhanging grey walls with morning shade and sweeping sea views. Clean, positive holds and generous bolting make Odyssey a friendly, popular sector through the mid grades.', '2026-06-15 08:53:53.650911+00', false, 1, 37.0102, 27.0125, 37.009, 27.014);
INSERT INTO public.sectors (id, crag_id, name, description, created_at, deleted, created_by, latitude, longitude, parking_latitude, parking_longitude) VALUES (5, 3, 'Bas Cuvier', 'The historic heart of Fontainebleau bouldering, where many of the sport''s classic testpieces and brutal slopers were first established. Polished, technical and steeped in history, its problems still humble climbers of every level.', '2026-06-15 08:53:53.655526+00', false, 1, 48.447, 2.636, 48.4485, 2.634);
INSERT INTO public.sectors (id, crag_id, name, description, created_at, deleted, created_by, latitude, longitude, parking_latitude, parking_longitude) VALUES (6, 3, 'Franchard Isatis', 'A scenic Font sector of slabs, aretes and a famous traverse circuit set among the pines. The sandstone is impeccable and the problems range from delicate footwork to powerful compression.', '2026-06-15 08:53:53.658223+00', false, 1, 48.4153, 2.6479, 48.414, 2.6495);
INSERT INTO public.sectors (id, crag_id, name, description, created_at, deleted, created_by, latitude, longitude, parking_latitude, parking_longitude) VALUES (7, 8, 'Hot Rock', 'South-facing orange tufas high above the village, sustained and sunny. Long, athletic lines weave between hanging stalactites — a brilliant spot on cool winter days.', '2026-06-15 11:59:40.031089+00', false, 2, NULL, NULL, NULL, NULL);
INSERT INTO public.sectors (id, crag_id, name, description, created_at, deleted, created_by, latitude, longitude, parking_latitude, parking_longitude) VALUES (8, 8, 'Mars', 'Vertical grey and red walls offering technical, crimpy climbing with morning shade. The holds are small and the movement precise, making it a favourite for face-climbing specialists.', '2026-06-15 11:59:40.036765+00', false, 2, NULL, NULL, NULL, NULL);
INSERT INTO public.sectors (id, crag_id, name, description, created_at, deleted, created_by, latitude, longitude, parking_latitude, parking_longitude) VALUES (9, 11, 'Berlin', 'The classic introduction to Céüse''s blue limestone — vertical pockets and crimps on impeccable rock. Sustained and technical, these lines are the perfect warm-up before the cliff''s harder neighbours.', '2026-06-15 11:59:40.039771+00', false, 2, NULL, NULL, NULL, NULL);
INSERT INTO public.sectors (id, crag_id, name, description, created_at, deleted, created_by, latitude, longitude, parking_latitude, parking_longitude) VALUES (10, 11, 'Biographie', 'Céüse''s most famous wall, home to some of the hardest sport pitches ever climbed, including Sharma''s Biographie. Steep, relentless and historic, it draws strong climbers from around the world.', '2026-06-15 11:59:40.04147+00', false, 2, NULL, NULL, NULL, NULL);
INSERT INTO public.sectors (id, crag_id, name, description, created_at, deleted, created_by, latitude, longitude, parking_latitude, parking_longitude) VALUES (11, 4, 'Bric Pianarella', 'Sweeping seaside slabs and walls of grippy grey limestone, cooled by a sea breeze. The friendly angle and abundant edges make it one of Finale''s most enjoyable all-round sectors.', '2026-06-15 11:59:40.044352+00', false, 2, NULL, NULL, NULL, NULL);
INSERT INTO public.sectors (id, crag_id, name, description, created_at, deleted, created_by, latitude, longitude, parking_latitude, parking_longitude) VALUES (12, 4, 'Grotta dell''Edera', 'A shady cave that stays dry in the rain, offering steep tufa pulling and big jugs. When the rest of Finale is wet, this is where everyone heads.', '2026-06-15 11:59:40.045911+00', false, 2, NULL, NULL, NULL, NULL);
INSERT INTO public.sectors (id, crag_id, name, description, created_at, deleted, created_by, latitude, longitude, parking_latitude, parking_longitude) VALUES (13, 12, 'L''Escalès', 'The grand wall of the Verdon — long, airy limestone pitches dropping away above the gorge. Committing, exposed and unforgettable, it is the canyon''s signature multi-pitch arena.', '2026-06-15 12:03:37.148554+00', false, 2, NULL, NULL, NULL, NULL);
INSERT INTO public.sectors (id, crag_id, name, description, created_at, deleted, created_by, latitude, longitude, parking_latitude, parking_longitude) VALUES (14, 12, 'Le Duc', 'Steep pockets and tufas with the turquoise river far below. The climbing is athletic and the position spectacular, with a real sense of the void beneath your heels.', '2026-06-15 12:03:37.151767+00', false, 2, NULL, NULL, NULL, NULL);
INSERT INTO public.sectors (id, crag_id, name, description, created_at, deleted, created_by, latitude, longitude, parking_latitude, parking_longitude) VALUES (15, 10, 'Watermill', 'Shaded grey walls beside the spring, with clean rock and friendly grades. A relaxed, family-friendly sector ideal for warming up or escaping a hot afternoon.', '2026-06-15 12:03:37.154115+00', false, 2, NULL, NULL, NULL, NULL);
INSERT INTO public.sectors (id, crag_id, name, description, created_at, deleted, created_by, latitude, longitude, parking_latitude, parking_longitude) VALUES (16, 10, 'Babala', 'Sun-soaked tufa walls overlooking the bay, steeper and more sustained than the village crags. Long, breezy lines reward endurance and a head for exposure above the sea.', '2026-06-15 12:03:37.155381+00', false, 2, NULL, NULL, NULL, NULL);
INSERT INTO public.sectors (id, crag_id, name, description, created_at, deleted, created_by, latitude, longitude, parking_latitude, parking_longitude) VALUES (17, 9, 'Holy Spirit', 'An adventurous tower of rounded conglomerate cobbles, climbed on long, boldly protected pitches. Pure adventure for those with a steady head and a taste for the unusual.', '2026-06-15 12:03:37.15738+00', false, 2, NULL, NULL, NULL, NULL);
INSERT INTO public.sectors (id, crag_id, name, description, created_at, deleted, created_by, latitude, longitude, parking_latitude, parking_longitude) VALUES (18, 9, 'Doupiani', 'The beginner-friendly tower near the village, with sweeping views over the monasteries and plain. Mellower pebble climbing makes it the natural place to taste Meteora''s surreal rock.', '2026-06-15 12:03:37.158531+00', false, 2, NULL, NULL, NULL, NULL);
INSERT INTO public.sectors (id, crag_id, name, description, created_at, deleted, created_by, latitude, longitude, parking_latitude, parking_longitude) VALUES (19, 13, 'Le Pilier', 'Compact, pockety limestone offering technical, fingery climbing with afternoon shade. Precise footwork and a tolerance for small holds are the keys to this Saint-Léger favourite.', '2026-06-15 12:03:37.159885+00', false, 2, NULL, NULL, NULL, NULL);
INSERT INTO public.sectors (id, crag_id, name, description, created_at, deleted, created_by, latitude, longitude, parking_latitude, parking_longitude) VALUES (20, 13, 'La Grotte', 'A small, steep cave that stays dry in the rain — powerful and burly. Roofs, tufas and big moves make it both the bad-weather option and a strength session in one.', '2026-06-15 12:03:37.160939+00', false, 2, NULL, NULL, NULL, NULL);
INSERT INTO public.sectors (id, crag_id, name, description, created_at, deleted, created_by, latitude, longitude, parking_latitude, parking_longitude) VALUES (21, 6, 'Salinella', 'Golden limestone steps rising right behind the beach, with sea views and sun. Easy access and approachable grades make it a perfect introduction to San Vito''s rock.', '2026-06-15 12:03:37.162383+00', false, 2, NULL, NULL, NULL, NULL);
INSERT INTO public.sectors (id, crag_id, name, description, created_at, deleted, created_by, latitude, longitude, parking_latitude, parking_longitude) VALUES (22, 6, 'El Bahira', 'A south-facing crag near the campsite, dry and warm through winter. Solid, featured walls with a powerful crux or two reward a midday or sunset session.', '2026-06-15 12:03:37.163295+00', false, 2, NULL, NULL, NULL, NULL);
INSERT INTO public.sectors (id, crag_id, name, description, created_at, deleted, created_by, latitude, longitude, parking_latitude, parking_longitude) VALUES (23, 5, 'Grotta', 'Sperlonga''s steep, shaded sea cave — dark, powerful and dripping with tufas. The signature venue for hard winter sport climbing above the Tyrrhenian.', '2026-06-15 12:03:37.164826+00', false, 2, NULL, NULL, NULL, NULL);
INSERT INTO public.sectors (id, crag_id, name, description, created_at, deleted, created_by, latitude, longitude, parking_latitude, parking_longitude) VALUES (24, 5, 'Settore Centrale', 'Vertical to gently overhanging walls with quick roadside access. Clean grey rock and a spread of mid grades make it the sector''s reliable all-rounder.', '2026-06-15 12:03:37.165764+00', false, 2, NULL, NULL, NULL, NULL);
INSERT INTO public.sectors (id, crag_id, name, description, created_at, deleted, created_by, latitude, longitude, parking_latitude, parking_longitude) VALUES (25, 7, 'Scoglio delle Metamorfosi', 'Yosemite-style granite slabs and cracks rising above the valley''s meadows. Long, committing trad lines reward friction, faith and careful gear placement.', '2026-06-15 12:03:37.166992+00', false, 2, NULL, NULL, NULL, NULL);
INSERT INTO public.sectors (id, crag_id, name, description, created_at, deleted, created_by, latitude, longitude, parking_latitude, parking_longitude) VALUES (26, 7, 'Sasso di Remenno', 'A giant freestanding granite boulder, the beating heart of the Melloblocco festival. Glassy slopers, crimps and aretes draw boulderers from across Europe.', '2026-06-15 12:03:37.16782+00', false, 2, NULL, NULL, NULL, NULL);
SELECT pg_catalog.setval('public.sectors_id_seq', 26, true);

-- ============================ routes ============================
INSERT INTO public.routes (id, name, grade, style, height_m, description, created_at, crag_id, sector_id, deleted, created_by, grading_system_id, bolt_count, protection) VALUES (1, 'Pueblo', '6a', 'sport', 25, 'Immaculate grey slab on small crimps and pockets.', '2026-06-15 08:53:53.642294+00', 1, 1, false, 1, 1, 8, 'Sport-bolted, stainless steel, lower-off anchor');
INSERT INTO public.routes (id, name, grade, style, height_m, description, created_at, crag_id, sector_id, deleted, created_by, grading_system_id, bolt_count, protection) VALUES (2, 'Spiderman', '6b+', 'sport', 28, 'Sustained vertical climbing up water-worn pockets to the headwall.', '2026-06-15 08:53:53.643885+00', 1, 1, false, 1, 1, 9, 'Sport-bolted, stainless steel, lower-off anchor');
INSERT INTO public.routes (id, name, grade, style, height_m, description, created_at, crag_id, sector_id, deleted, created_by, grading_system_id, bolt_count, protection) VALUES (3, 'Policromuro', '6c', 'sport', 35, 'Relentless three-dimensional climbing up orange tufas.', '2026-06-15 08:53:53.645643+00', 1, 2, false, 1, 1, 12, 'Sport-bolted, stainless steel, lower-off anchor');
INSERT INTO public.routes (id, name, grade, style, height_m, description, created_at, crag_id, sector_id, deleted, created_by, grading_system_id, bolt_count, protection) VALUES (4, 'Arcobaleno', '7a', 'sport', 22, 'Juggy overhang to a slabby finish — burly for the grade.', '2026-06-15 08:53:53.646604+00', 1, 2, false, 1, 1, 7, 'Sport-bolted, stainless steel, lower-off anchor');
INSERT INTO public.routes (id, name, grade, style, height_m, description, created_at, crag_id, sector_id, deleted, created_by, grading_system_id, bolt_count, protection) VALUES (5, 'DNA', '7a', 'sport', 35, 'Wild tufa pinching through the right side of the cave.', '2026-06-15 08:53:53.649239+00', 2, 3, false, 1, 1, 12, 'Sport-bolted, stainless steel, lower-off anchor');
INSERT INTO public.routes (id, name, grade, style, height_m, description, created_at, crag_id, sector_id, deleted, created_by, grading_system_id, bolt_count, protection) VALUES (6, 'Aegialis', '7b+', 'sport', 40, 'Long, pumpy stalactite climbing — read the kneebar rests or melt.', '2026-06-15 08:53:53.649986+00', 2, 3, false, 1, 1, 13, 'Sport-bolted, stainless steel, lower-off anchor');
INSERT INTO public.routes (id, name, grade, style, height_m, description, created_at, crag_id, sector_id, deleted, created_by, grading_system_id, bolt_count, protection) VALUES (7, 'Priapos', '6b', 'sport', 30, 'Positive edges up a clean grey shield.', '2026-06-15 08:53:53.652315+00', 2, 4, false, 1, 1, 10, 'Sport-bolted, stainless steel, lower-off anchor');
INSERT INTO public.routes (id, name, grade, style, height_m, description, created_at, crag_id, sector_id, deleted, created_by, grading_system_id, bolt_count, protection) VALUES (8, 'Monahiko Kyma', '6c+', 'sport', 32, 'Technical crux low, then jugs to the chains.', '2026-06-15 08:53:53.653493+00', 2, 4, false, 1, 1, 11, 'Sport-bolted, stainless steel, lower-off anchor');
INSERT INTO public.routes (id, name, grade, style, height_m, description, created_at, crag_id, sector_id, deleted, created_by, grading_system_id, bolt_count, protection) VALUES (13, 'Pizza Fly', '6b', 'sport', 30, 'Juggy tufa warm-up with a balancy finish.', '2026-06-15 11:59:40.034777+00', 8, 7, false, 2, 1, 10, 'Sport-bolted, stainless steel, lower-off anchor');
INSERT INTO public.routes (id, name, grade, style, height_m, description, created_at, crag_id, sector_id, deleted, created_by, grading_system_id, bolt_count, protection) VALUES (14, 'Baboufo', '7a', 'sport', 35, 'Long pumpy line through hanging stalactites.', '2026-06-15 11:59:40.036061+00', 8, 7, false, 2, 1, 12, 'Sport-bolted, stainless steel, lower-off anchor');
INSERT INTO public.routes (id, name, grade, style, height_m, description, created_at, crag_id, sector_id, deleted, created_by, grading_system_id, bolt_count, protection) VALUES (15, 'Red Power', '6c', 'sport', 25, 'Crimpy crux off the deck, then easier to the chains.', '2026-06-15 11:59:40.037497+00', 8, 8, false, 2, 1, 8, 'Sport-bolted, stainless steel, lower-off anchor');
INSERT INTO public.routes (id, name, grade, style, height_m, description, created_at, crag_id, sector_id, deleted, created_by, grading_system_id, bolt_count, protection) VALUES (16, 'Mars Attack', '7b', 'sport', 28, 'Relentless small holds — the sector testpiece.', '2026-06-15 11:59:40.038195+00', 8, 8, false, 2, 1, 9, 'Sport-bolted, stainless steel, lower-off anchor');
INSERT INTO public.routes (id, name, grade, style, height_m, description, created_at, crag_id, sector_id, deleted, created_by, grading_system_id, bolt_count, protection) VALUES (17, 'Blocao', '7a', 'sport', 22, 'Sharp pockets up a perfect grey shield.', '2026-06-15 11:59:40.040324+00', 11, 9, false, 2, 1, 7, 'Sport-bolted, stainless steel, lower-off anchor');
INSERT INTO public.routes (id, name, grade, style, height_m, description, created_at, crag_id, sector_id, deleted, created_by, grading_system_id, bolt_count, protection) VALUES (18, 'Berlin', '7b+', 'sport', 25, 'The namesake — technical, sustained, never lets up.', '2026-06-15 11:59:40.040774+00', 11, 9, false, 2, 1, 8, 'Sport-bolted, stainless steel, lower-off anchor');
INSERT INTO public.routes (id, name, grade, style, height_m, description, created_at, crag_id, sector_id, deleted, created_by, grading_system_id, bolt_count, protection) VALUES (19, 'Mailbox', '7c', 'sport', 30, 'Bouldery crux into a pumpy headwall.', '2026-06-15 11:59:40.042171+00', 11, 10, false, 2, 1, 10, 'Sport-bolted, stainless steel, lower-off anchor');
INSERT INTO public.routes (id, name, grade, style, height_m, description, created_at, crag_id, sector_id, deleted, created_by, grading_system_id, bolt_count, protection) VALUES (20, 'Biographie', '9a+', 'sport', 35, 'The legendary Sharma line — a world testpiece.', '2026-06-15 11:59:40.042783+00', 11, 10, false, 2, 1, 12, 'Sport-bolted, stainless steel, lower-off anchor');
INSERT INTO public.routes (id, name, grade, style, height_m, description, created_at, crag_id, sector_id, deleted, created_by, grading_system_id, bolt_count, protection) VALUES (21, 'Spiraglio', '6a', 'sport', 20, 'Friendly slab on positive edges.', '2026-06-15 11:59:40.045045+00', 4, 11, false, 2, 1, 7, 'Sport-bolted, stainless steel, lower-off anchor');
INSERT INTO public.routes (id, name, grade, style, height_m, description, created_at, crag_id, sector_id, deleted, created_by, grading_system_id, bolt_count, protection) VALUES (22, 'Rolando', '6b+', 'sport', 28, 'Sustained vertical climbing on small pockets.', '2026-06-15 11:59:40.045512+00', 4, 11, false, 2, 1, 9, 'Sport-bolted, stainless steel, lower-off anchor');
INSERT INTO public.routes (id, name, grade, style, height_m, description, created_at, crag_id, sector_id, deleted, created_by, grading_system_id, bolt_count, protection) VALUES (23, 'Tequila', '6c+', 'sport', 25, 'Powerful pulls through the cave lip.', '2026-06-15 11:59:40.046455+00', 4, 12, false, 2, 1, 8, 'Sport-bolted, stainless steel, lower-off anchor');
INSERT INTO public.routes (id, name, grade, style, height_m, description, created_at, crag_id, sector_id, deleted, created_by, grading_system_id, bolt_count, protection) VALUES (24, 'Ali Babà', '7a+', 'sport', 30, 'Long, pumpy tufa line to a hands-off rest.', '2026-06-15 11:59:40.04697+00', 4, 12, false, 2, 1, 10, 'Sport-bolted, stainless steel, lower-off anchor');
INSERT INTO public.routes (id, name, grade, style, height_m, description, created_at, crag_id, sector_id, deleted, created_by, grading_system_id, bolt_count, protection) VALUES (25, 'Luna Bong', '7b', 'sport', 40, 'Sustained vertical climbing on grey water-streaks.', '2026-06-15 12:03:37.150058+00', 12, 13, false, 2, 1, 13, 'Sport-bolted, stainless steel, lower-off anchor');
INSERT INTO public.routes (id, name, grade, style, height_m, description, created_at, crag_id, sector_id, deleted, created_by, grading_system_id, bolt_count, protection) VALUES (26, 'Pichenibule', '7b+', 'sport', 45, 'A Verdon classic — technical and airy to the rim.', '2026-06-15 12:03:37.15093+00', 12, 13, false, 2, 1, 15, 'Sport-bolted, stainless steel, lower-off anchor');
INSERT INTO public.routes (id, name, grade, style, height_m, description, created_at, crag_id, sector_id, deleted, created_by, grading_system_id, bolt_count, protection) VALUES (27, 'Eperon Sublime', '6b', 'sport', 30, 'Juggy arête with a stunning position.', '2026-06-15 12:03:37.152392+00', 12, 14, false, 2, 1, 10, 'Sport-bolted, stainless steel, lower-off anchor');
INSERT INTO public.routes (id, name, grade, style, height_m, description, created_at, crag_id, sector_id, deleted, created_by, grading_system_id, bolt_count, protection) VALUES (28, 'Surveiller et Punir', '7a', 'sport', 35, 'Committing crux past the third bolt.', '2026-06-15 12:03:37.152943+00', 12, 14, false, 2, 1, 12, 'Sport-bolted, stainless steel, lower-off anchor');
INSERT INTO public.routes (id, name, grade, style, height_m, description, created_at, crag_id, sector_id, deleted, created_by, grading_system_id, bolt_count, protection) VALUES (29, 'Galazio', '6a', 'sport', 25, 'Positive edges up a clean slab.', '2026-06-15 12:03:37.154541+00', 10, 15, false, 2, 1, 8, 'Sport-bolted, stainless steel, lower-off anchor');
INSERT INTO public.routes (id, name, grade, style, height_m, description, created_at, crag_id, sector_id, deleted, created_by, grading_system_id, bolt_count, protection) VALUES (30, 'Poseidon', '6c', 'sport', 28, 'Technical crux into a pumpy finish.', '2026-06-15 12:03:37.154934+00', 10, 15, false, 2, 1, 9, 'Sport-bolted, stainless steel, lower-off anchor');
INSERT INTO public.routes (id, name, grade, style, height_m, description, created_at, crag_id, sector_id, deleted, created_by, grading_system_id, bolt_count, protection) VALUES (31, 'Filema', '6b+', 'sport', 22, 'Pinchy tufa climbing to a good rest.', '2026-06-15 12:03:37.155751+00', 10, 16, false, 2, 1, 7, 'Sport-bolted, stainless steel, lower-off anchor');
INSERT INTO public.routes (id, name, grade, style, height_m, description, created_at, crag_id, sector_id, deleted, created_by, grading_system_id, bolt_count, protection) VALUES (32, 'Sea Breeze', '7a', 'sport', 30, 'Long, breezy line with a balancy headwall.', '2026-06-15 12:03:37.156343+00', 10, 16, false, 2, 1, 10, 'Sport-bolted, stainless steel, lower-off anchor');
INSERT INTO public.routes (id, name, grade, style, height_m, description, created_at, crag_id, sector_id, deleted, created_by, grading_system_id, bolt_count, protection) VALUES (37, 'Pocket Rocket', '6c', 'sport', 22, 'Two-finger pockets up a vertical wall.', '2026-06-15 12:03:37.160167+00', 13, 19, false, 2, 1, 7, 'Sport-bolted, stainless steel, lower-off anchor');
INSERT INTO public.routes (id, name, grade, style, height_m, description, created_at, crag_id, sector_id, deleted, created_by, grading_system_id, bolt_count, protection) VALUES (38, 'Crimp Scene', '7a', 'sport', 24, 'Relentless crimping to a powerful crux.', '2026-06-15 12:03:37.160497+00', 13, 19, false, 2, 1, 8, 'Sport-bolted, stainless steel, lower-off anchor');
INSERT INTO public.routes (id, name, grade, style, height_m, description, created_at, crag_id, sector_id, deleted, created_by, grading_system_id, bolt_count, protection) VALUES (39, 'Stalactite', '6b+', 'sport', 20, 'Jugs and pinches out the cave mouth.', '2026-06-15 12:03:37.161241+00', 13, 20, false, 2, 1, 7, 'Sport-bolted, stainless steel, lower-off anchor');
INSERT INTO public.routes (id, name, grade, style, height_m, description, created_at, crag_id, sector_id, deleted, created_by, grading_system_id, bolt_count, protection) VALUES (40, 'Cave Dweller', '7b', 'sport', 26, 'Burly roof climbing to a slabby exit.', '2026-06-15 12:03:37.161585+00', 13, 20, false, 2, 1, 9, 'Sport-bolted, stainless steel, lower-off anchor');
INSERT INTO public.routes (id, name, grade, style, height_m, description, created_at, crag_id, sector_id, deleted, created_by, grading_system_id, bolt_count, protection) VALUES (41, 'Sabbia', '6a', 'sport', 20, 'Sun-warmed edges above the sand.', '2026-06-15 12:03:37.162702+00', 6, 21, false, 2, 1, 7, 'Sport-bolted, stainless steel, lower-off anchor');
INSERT INTO public.routes (id, name, grade, style, height_m, description, created_at, crag_id, sector_id, deleted, created_by, grading_system_id, bolt_count, protection) VALUES (42, 'Maestrale', '6c+', 'sport', 28, 'Sustained vertical line in the breeze.', '2026-06-15 12:03:37.163002+00', 6, 21, false, 2, 1, 9, 'Sport-bolted, stainless steel, lower-off anchor');
INSERT INTO public.routes (id, name, grade, style, height_m, description, created_at, crag_id, sector_id, deleted, created_by, grading_system_id, bolt_count, protection) VALUES (43, 'Tramonto', '6b', 'sport', 24, 'Mellow climbing best enjoyed at sunset.', '2026-06-15 12:03:37.163585+00', 6, 22, false, 2, 1, 8, 'Sport-bolted, stainless steel, lower-off anchor');
INSERT INTO public.routes (id, name, grade, style, height_m, description, created_at, crag_id, sector_id, deleted, created_by, grading_system_id, bolt_count, protection) VALUES (44, 'Calette', '7a+', 'sport', 30, 'Powerful crux off a small roof.', '2026-06-15 12:03:37.163883+00', 6, 22, false, 2, 1, 10, 'Sport-bolted, stainless steel, lower-off anchor');
INSERT INTO public.routes (id, name, grade, style, height_m, description, created_at, crag_id, sector_id, deleted, created_by, grading_system_id, bolt_count, protection) VALUES (45, 'Polifemo', '7a', 'sport', 25, 'Burly moves between tufa blobs.', '2026-06-15 12:03:37.165158+00', 5, 23, false, 2, 1, 8, 'Sport-bolted, stainless steel, lower-off anchor');
INSERT INTO public.routes (id, name, grade, style, height_m, description, created_at, crag_id, sector_id, deleted, created_by, grading_system_id, bolt_count, protection) VALUES (46, 'Ciclope', '7c', 'sport', 28, 'The cave testpiece — relentless and three-dimensional.', '2026-06-15 12:03:37.165466+00', 5, 23, false, 2, 1, 9, 'Sport-bolted, stainless steel, lower-off anchor');
INSERT INTO public.routes (id, name, grade, style, height_m, description, created_at, crag_id, sector_id, deleted, created_by, grading_system_id, bolt_count, protection) VALUES (47, 'Tiberio', '6b', 'sport', 22, 'Clean edges up a grey shield.', '2026-06-15 12:03:37.166034+00', 5, 24, false, 2, 1, 7, 'Sport-bolted, stainless steel, lower-off anchor');
INSERT INTO public.routes (id, name, grade, style, height_m, description, created_at, crag_id, sector_id, deleted, created_by, grading_system_id, bolt_count, protection) VALUES (48, 'Ulisse', '6c+', 'sport', 26, 'Technical crux low, jugs to the chains.', '2026-06-15 12:03:37.166325+00', 5, 24, false, 2, 1, 9, 'Sport-bolted, stainless steel, lower-off anchor');
INSERT INTO public.routes (id, name, grade, style, height_m, description, created_at, crag_id, sector_id, deleted, created_by, grading_system_id, bolt_count, protection) VALUES (33, 'Traumpfeiler', '6a', 'trad', 60, 'Classic pillar on rounded cobbles — pure adventure.', '2026-06-15 12:03:37.157802+00', 9, 17, false, 2, 1, NULL, 'Trad — bring a rack of cams and nuts');
INSERT INTO public.routes (id, name, grade, style, height_m, description, created_at, crag_id, sector_id, deleted, created_by, grading_system_id, bolt_count, protection) VALUES (34, 'Pillar of Dreams', '6b', 'trad', 50, 'Sustained multi-pitch on featured conglomerate.', '2026-06-15 12:03:37.158193+00', 9, 17, false, 2, 1, NULL, 'Trad — bring a rack of cams and nuts');
INSERT INTO public.routes (id, name, grade, style, height_m, description, created_at, crag_id, sector_id, deleted, created_by, grading_system_id, bolt_count, protection) VALUES (35, 'Sonntagspfeiler', '5+', 'trad', 40, 'Mellow pebble climbing — a great first Meteora summit.', '2026-06-15 12:03:37.158904+00', 9, 18, false, 2, 1, NULL, 'Trad — bring a rack of cams and nuts');
INSERT INTO public.routes (id, name, grade, style, height_m, description, created_at, crag_id, sector_id, deleted, created_by, grading_system_id, bolt_count, protection) VALUES (36, 'Local''s Route', '6c', 'trad', 45, 'Steeper testpiece for the cobble connoisseur.', '2026-06-15 12:03:37.15922+00', 9, 18, false, 2, 1, NULL, 'Trad — bring a rack of cams and nuts');
INSERT INTO public.routes (id, name, grade, style, height_m, description, created_at, crag_id, sector_id, deleted, created_by, grading_system_id, bolt_count, protection) VALUES (49, 'Luna Nascente', '6a', 'trad', 120, 'The valley''s most famous multi-pitch slab — friction and faith.', '2026-06-15 12:03:37.167273+00', 7, 25, false, 2, 1, NULL, 'Trad — bring a rack of cams and nuts');
INSERT INTO public.routes (id, name, grade, style, height_m, description, created_at, crag_id, sector_id, deleted, created_by, grading_system_id, bolt_count, protection) VALUES (50, 'Il Risveglio di Kundalini', '6b', 'trad', 100, 'Sustained crack and slab climbing on perfect granite.', '2026-06-15 12:03:37.167543+00', 7, 25, false, 2, 1, NULL, 'Trad — bring a rack of cams and nuts');
INSERT INTO public.routes (id, name, grade, style, height_m, description, created_at, crag_id, sector_id, deleted, created_by, grading_system_id, bolt_count, protection) VALUES (9, 'La Marie-Rose', 'V3', 'boulder', 4, 'The first-ever 6a — a Font rite of passage on the Cuvier slab.', '2026-06-15 08:53:53.656547+00', 3, 5, false, 1, 5, NULL, 'Highball — bring pads and spotters');
INSERT INTO public.routes (id, name, grade, style, height_m, description, created_at, crag_id, sector_id, deleted, created_by, grading_system_id, bolt_count, protection) VALUES (10, 'L''Abattoir', 'V5', 'boulder', 4, 'Powerful overhang on sandstone slopers and pinches.', '2026-06-15 08:53:53.657462+00', 3, 5, false, 1, 5, NULL, 'Highball — bring pads and spotters');
INSERT INTO public.routes (id, name, grade, style, height_m, description, created_at, crag_id, sector_id, deleted, created_by, grading_system_id, bolt_count, protection) VALUES (11, 'L''Angle Ben''s', 'V2', 'boulder', 3, 'Classic arete with delicate footwork.', '2026-06-15 08:53:53.658965+00', 3, 6, false, 1, 5, NULL, 'Highball — bring pads and spotters');
INSERT INTO public.routes (id, name, grade, style, height_m, description, created_at, crag_id, sector_id, deleted, created_by, grading_system_id, bolt_count, protection) VALUES (12, 'Aerodynamite', 'V7', 'boulder', 4, 'Committing dyno-ish move off slopers — the sector testpiece.', '2026-06-15 08:53:53.660009+00', 3, 6, false, 1, 5, NULL, 'Highball — bring pads and spotters');
INSERT INTO public.routes (id, name, grade, style, height_m, description, created_at, crag_id, sector_id, deleted, created_by, grading_system_id, bolt_count, protection) VALUES (51, 'Melloblocco Classic', 'V4', 'boulder', 4, 'Crimpy granite arête, a festival rite of passage.', '2026-06-15 12:03:37.168103+00', 7, 26, false, 2, 5, NULL, 'Highball — bring pads and spotters');
INSERT INTO public.routes (id, name, grade, style, height_m, description, created_at, crag_id, sector_id, deleted, created_by, grading_system_id, bolt_count, protection) VALUES (52, 'Granite Dyno', 'V6', 'boulder', 4, 'Explosive move between glassy slopers.', '2026-06-15 12:03:37.168405+00', 7, 26, false, 2, 5, NULL, 'Highball — bring pads and spotters');
INSERT INTO public.routes (id, name, grade, style, height_m, description, created_at, crag_id, sector_id, deleted, created_by, grading_system_id, bolt_count, protection) VALUES (53, 'Slab Master', '5+', 'sport', 18, 'Gentle warm-up slab on big holds.', '2026-06-15 12:26:49.297986+00', 1, 1, false, 2, 1, 6, 'Sport-bolted, lower-off anchor');
INSERT INTO public.routes (id, name, grade, style, height_m, description, created_at, crag_id, sector_id, deleted, created_by, grading_system_id, bolt_count, protection) VALUES (54, 'Crimp Time', '6a', 'sport', 24, 'Sharp edges up a vertical wall.', '2026-06-15 12:26:49.297986+00', 1, 1, false, 2, 1, 8, 'Sport-bolted, lower-off anchor');
INSERT INTO public.routes (id, name, grade, style, height_m, description, created_at, crag_id, sector_id, deleted, created_by, grading_system_id, bolt_count, protection) VALUES (55, 'Tufa Dance', '6b', 'sport', 26, 'Flowing tufa moves to a good rest.', '2026-06-15 12:26:49.297986+00', 1, 1, false, 2, 1, 9, 'Sport-bolted, lower-off anchor');
INSERT INTO public.routes (id, name, grade, style, height_m, description, created_at, crag_id, sector_id, deleted, created_by, grading_system_id, bolt_count, protection) VALUES (56, 'Pocket Rocket', '6b', 'sport', 22, 'Two-finger pockets and a punchy crux.', '2026-06-15 12:26:49.297986+00', 1, 1, false, 2, 1, 8, 'Sport-bolted, lower-off anchor');
INSERT INTO public.routes (id, name, grade, style, height_m, description, created_at, crag_id, sector_id, deleted, created_by, grading_system_id, bolt_count, protection) VALUES (57, 'Power Endurance', '6c', 'sport', 30, 'Long pumpy line — keep moving.', '2026-06-15 12:26:49.297986+00', 1, 1, false, 2, 1, 11, 'Sport-bolted, lower-off anchor');
INSERT INTO public.routes (id, name, grade, style, height_m, description, created_at, crag_id, sector_id, deleted, created_by, grading_system_id, bolt_count, protection) VALUES (58, 'Project Wall', '7a', 'sport', 32, 'Technical headwall with a bouldery crux.', '2026-06-15 12:26:49.297986+00', 1, 1, false, 2, 1, 12, 'Sport-bolted, lower-off anchor');
SELECT pg_catalog.setval('public.routes_id_seq', 58, true);

-- ============================ images ============================
INSERT INTO public.images (id, entity_type, entity_id, url, uploaded_by, created_at) VALUES (1, 'crag', 1, 'https://5i60guo9yeia9cge.public.blob.vercel-storage.com/climbing/climb-0-nRN1XhWXggqE9ADnugSWACC91DnAuy.jpg', 1, '2026-06-15 08:53:53.638824+00');
INSERT INTO public.images (id, entity_type, entity_id, url, uploaded_by, created_at) VALUES (2, 'crag', 1, 'https://5i60guo9yeia9cge.public.blob.vercel-storage.com/climbing/climb-1-zl1hBWvsd176z7bb15kur0ijmxg8TD.jpg', 1, '2026-06-15 08:53:53.640395+00');
INSERT INTO public.images (id, entity_type, entity_id, url, uploaded_by, created_at) VALUES (3, 'sector', 1, 'https://5i60guo9yeia9cge.public.blob.vercel-storage.com/climbing/climb-2-MJ7PjgjWUtw4OaEMan1MWwfApoKGG1.jpg', 1, '2026-06-15 08:53:53.641678+00');
INSERT INTO public.images (id, entity_type, entity_id, url, uploaded_by, created_at) VALUES (4, 'route', 1, 'https://5i60guo9yeia9cge.public.blob.vercel-storage.com/climbing/climb-3-l4nxfktr6vHi29l4JDJRwhBuPyFoYN.jpg', 1, '2026-06-15 08:53:53.643326+00');
INSERT INTO public.images (id, entity_type, entity_id, url, uploaded_by, created_at) VALUES (5, 'route', 2, 'https://5i60guo9yeia9cge.public.blob.vercel-storage.com/climbing/climb-4-WuN4JctP3FcE11r3AVqlJP0WTZQExt.jpg', 1, '2026-06-15 08:53:53.644399+00');
INSERT INTO public.images (id, entity_type, entity_id, url, uploaded_by, created_at) VALUES (6, 'sector', 2, 'https://5i60guo9yeia9cge.public.blob.vercel-storage.com/climbing/climb-5-JtHWLx8COgG37v2sf56JcsiH8CySWI.jpg', 1, '2026-06-15 08:53:53.645249+00');
INSERT INTO public.images (id, entity_type, entity_id, url, uploaded_by, created_at) VALUES (7, 'route', 3, 'https://5i60guo9yeia9cge.public.blob.vercel-storage.com/climbing/climb-6-pNJjT7o9SwIVnZrJB7byzGLEozYSLV.jpg', 1, '2026-06-15 08:53:53.646158+00');
INSERT INTO public.images (id, entity_type, entity_id, url, uploaded_by, created_at) VALUES (8, 'route', 4, 'https://5i60guo9yeia9cge.public.blob.vercel-storage.com/climbing/climb-7-unTZbIgXexR4hUKqlZMS6boX2rolo8.jpg', 1, '2026-06-15 08:53:53.647032+00');
INSERT INTO public.images (id, entity_type, entity_id, url, uploaded_by, created_at) VALUES (9, 'crag', 2, 'https://5i60guo9yeia9cge.public.blob.vercel-storage.com/climbing/climb-8-l2vYCQVPaouqHKS6kmBvRFOvDaWlZw.jpg', 1, '2026-06-15 08:53:53.647759+00');
INSERT INTO public.images (id, entity_type, entity_id, url, uploaded_by, created_at) VALUES (10, 'crag', 2, 'https://5i60guo9yeia9cge.public.blob.vercel-storage.com/climbing/climb-9-26XrEWtE9SRlBK5PnqCia2QWF202kz.jpg', 1, '2026-06-15 08:53:53.648205+00');
INSERT INTO public.images (id, entity_type, entity_id, url, uploaded_by, created_at) VALUES (11, 'sector', 3, 'https://5i60guo9yeia9cge.public.blob.vercel-storage.com/climbing/climb-10-Bw6Vg8i7jL2kkM3tuLVzNiZ6PYvjlx.jpg', 1, '2026-06-15 08:53:53.648844+00');
INSERT INTO public.images (id, entity_type, entity_id, url, uploaded_by, created_at) VALUES (12, 'route', 5, 'https://5i60guo9yeia9cge.public.blob.vercel-storage.com/climbing/climb-0-nRN1XhWXggqE9ADnugSWACC91DnAuy.jpg', 1, '2026-06-15 08:53:53.649657+00');
INSERT INTO public.images (id, entity_type, entity_id, url, uploaded_by, created_at) VALUES (13, 'route', 6, 'https://5i60guo9yeia9cge.public.blob.vercel-storage.com/climbing/climb-1-zl1hBWvsd176z7bb15kur0ijmxg8TD.jpg', 1, '2026-06-15 08:53:53.650493+00');
INSERT INTO public.images (id, entity_type, entity_id, url, uploaded_by, created_at) VALUES (14, 'sector', 4, 'https://5i60guo9yeia9cge.public.blob.vercel-storage.com/climbing/climb-2-MJ7PjgjWUtw4OaEMan1MWwfApoKGG1.jpg', 1, '2026-06-15 08:53:53.651554+00');
INSERT INTO public.images (id, entity_type, entity_id, url, uploaded_by, created_at) VALUES (15, 'route', 7, 'https://5i60guo9yeia9cge.public.blob.vercel-storage.com/climbing/climb-3-l4nxfktr6vHi29l4JDJRwhBuPyFoYN.jpg', 1, '2026-06-15 08:53:53.652935+00');
INSERT INTO public.images (id, entity_type, entity_id, url, uploaded_by, created_at) VALUES (16, 'route', 8, 'https://5i60guo9yeia9cge.public.blob.vercel-storage.com/climbing/climb-4-WuN4JctP3FcE11r3AVqlJP0WTZQExt.jpg', 1, '2026-06-15 08:53:53.65392+00');
INSERT INTO public.images (id, entity_type, entity_id, url, uploaded_by, created_at) VALUES (17, 'crag', 3, 'https://5i60guo9yeia9cge.public.blob.vercel-storage.com/climbing/climb-5-JtHWLx8COgG37v2sf56JcsiH8CySWI.jpg', 1, '2026-06-15 08:53:53.654759+00');
INSERT INTO public.images (id, entity_type, entity_id, url, uploaded_by, created_at) VALUES (18, 'crag', 3, 'https://5i60guo9yeia9cge.public.blob.vercel-storage.com/climbing/climb-6-pNJjT7o9SwIVnZrJB7byzGLEozYSLV.jpg', 1, '2026-06-15 08:53:53.655074+00');
INSERT INTO public.images (id, entity_type, entity_id, url, uploaded_by, created_at) VALUES (19, 'sector', 5, 'https://5i60guo9yeia9cge.public.blob.vercel-storage.com/climbing/climb-7-unTZbIgXexR4hUKqlZMS6boX2rolo8.jpg', 1, '2026-06-15 08:53:53.656058+00');
INSERT INTO public.images (id, entity_type, entity_id, url, uploaded_by, created_at) VALUES (20, 'route', 9, 'https://5i60guo9yeia9cge.public.blob.vercel-storage.com/climbing/climb-8-l2vYCQVPaouqHKS6kmBvRFOvDaWlZw.jpg', 1, '2026-06-15 08:53:53.657007+00');
INSERT INTO public.images (id, entity_type, entity_id, url, uploaded_by, created_at) VALUES (21, 'route', 10, 'https://5i60guo9yeia9cge.public.blob.vercel-storage.com/climbing/climb-9-26XrEWtE9SRlBK5PnqCia2QWF202kz.jpg', 1, '2026-06-15 08:53:53.657868+00');
INSERT INTO public.images (id, entity_type, entity_id, url, uploaded_by, created_at) VALUES (22, 'sector', 6, 'https://5i60guo9yeia9cge.public.blob.vercel-storage.com/climbing/climb-10-Bw6Vg8i7jL2kkM3tuLVzNiZ6PYvjlx.jpg', 1, '2026-06-15 08:53:53.658633+00');
INSERT INTO public.images (id, entity_type, entity_id, url, uploaded_by, created_at) VALUES (23, 'route', 11, 'https://5i60guo9yeia9cge.public.blob.vercel-storage.com/climbing/climb-0-nRN1XhWXggqE9ADnugSWACC91DnAuy.jpg', 1, '2026-06-15 08:53:53.65953+00');
INSERT INTO public.images (id, entity_type, entity_id, url, uploaded_by, created_at) VALUES (24, 'route', 12, 'https://5i60guo9yeia9cge.public.blob.vercel-storage.com/climbing/climb-1-zl1hBWvsd176z7bb15kur0ijmxg8TD.jpg', 1, '2026-06-15 08:53:53.660394+00');
INSERT INTO public.images (id, entity_type, entity_id, url, uploaded_by, created_at) VALUES (31, 'crag', 1, 'https://5i60guo9yeia9cge.public.blob.vercel-storage.com/climbing/climb-2-MJ7PjgjWUtw4OaEMan1MWwfApoKGG1.jpg', 2, '2026-06-15 09:45:12.236903+00');
INSERT INTO public.images (id, entity_type, entity_id, url, uploaded_by, created_at) VALUES (32, 'crag', 1, 'https://5i60guo9yeia9cge.public.blob.vercel-storage.com/climbing/climb-3-l4nxfktr6vHi29l4JDJRwhBuPyFoYN.jpg', 2, '2026-06-15 09:45:12.236903+00');
INSERT INTO public.images (id, entity_type, entity_id, url, uploaded_by, created_at) VALUES (33, 'crag', 1, 'https://5i60guo9yeia9cge.public.blob.vercel-storage.com/climbing/climb-4-WuN4JctP3FcE11r3AVqlJP0WTZQExt.jpg', 2, '2026-06-15 09:45:12.236903+00');
INSERT INTO public.images (id, entity_type, entity_id, url, uploaded_by, created_at) VALUES (34, 'crag', 1, 'https://5i60guo9yeia9cge.public.blob.vercel-storage.com/climbing/climb-5-JtHWLx8COgG37v2sf56JcsiH8CySWI.jpg', 2, '2026-06-15 09:45:12.236903+00');
INSERT INTO public.images (id, entity_type, entity_id, url, uploaded_by, created_at) VALUES (35, 'crag', 1, 'https://5i60guo9yeia9cge.public.blob.vercel-storage.com/climbing/climb-6-pNJjT7o9SwIVnZrJB7byzGLEozYSLV.jpg', 2, '2026-06-15 09:45:12.236903+00');
INSERT INTO public.images (id, entity_type, entity_id, url, uploaded_by, created_at) VALUES (36, 'crag', 1, 'https://5i60guo9yeia9cge.public.blob.vercel-storage.com/climbing/climb-7-unTZbIgXexR4hUKqlZMS6boX2rolo8.jpg', 2, '2026-06-15 09:45:12.236903+00');
INSERT INTO public.images (id, entity_type, entity_id, url, uploaded_by, created_at) VALUES (37, 'crag', 1, 'https://5i60guo9yeia9cge.public.blob.vercel-storage.com/climbing/climb-8-l2vYCQVPaouqHKS6kmBvRFOvDaWlZw.jpg', 2, '2026-06-15 09:45:12.236903+00');
SELECT pg_catalog.setval('public.images_id_seq', 37, true);

-- ============================ ascents ============================
INSERT INTO public.ascents (id, route_id, tick_type, ascent_date, notes, created_at, user_id) VALUES (1, 3, 'attempt', '2026-06-01', 'Great day out on Policromuro.', '2026-06-15 08:53:53.660748+00', 2);
INSERT INTO public.ascents (id, route_id, tick_type, ascent_date, notes, created_at, user_id) VALUES (2, 5, 'flash', '2026-05-18', 'Great day out on DNA.', '2026-06-15 08:53:53.661753+00', 2);
INSERT INTO public.ascents (id, route_id, tick_type, ascent_date, notes, created_at, user_id) VALUES (3, 7, 'toprope', '2026-05-04', 'Great day out on Priapos.', '2026-06-15 08:53:53.662213+00', 2);
INSERT INTO public.ascents (id, route_id, tick_type, ascent_date, notes, created_at, user_id) VALUES (4, 9, 'onsight', '2026-04-20', 'Great day out on La Marie-Rose.', '2026-06-15 08:53:53.662593+00', 2);
INSERT INTO public.ascents (id, route_id, tick_type, ascent_date, notes, created_at, user_id) VALUES (5, 11, 'redpoint', '2026-04-06', 'Great day out on L''Angle Ben''s.', '2026-06-15 08:53:53.662943+00', 2);
INSERT INTO public.ascents (id, route_id, tick_type, ascent_date, notes, created_at, user_id) VALUES (6, 1, 'toprope', '2026-06-15', 'Great day out on Pueblo.', '2026-06-15 08:53:53.663292+00', 3);
INSERT INTO public.ascents (id, route_id, tick_type, ascent_date, notes, created_at, user_id) VALUES (7, 3, 'onsight', '2026-06-01', 'Great day out on Policromuro.', '2026-06-15 08:53:53.663653+00', 3);
INSERT INTO public.ascents (id, route_id, tick_type, ascent_date, notes, created_at, user_id) VALUES (8, 5, 'redpoint', '2026-05-18', 'Great day out on DNA.', '2026-06-15 08:53:53.663976+00', 3);
INSERT INTO public.ascents (id, route_id, tick_type, ascent_date, notes, created_at, user_id) VALUES (9, 7, 'attempt', '2026-05-04', 'Great day out on Priapos.', '2026-06-15 08:53:53.664305+00', 3);
INSERT INTO public.ascents (id, route_id, tick_type, ascent_date, notes, created_at, user_id) VALUES (10, 9, 'flash', '2026-04-20', 'Great day out on La Marie-Rose.', '2026-06-15 08:53:53.664888+00', 3);
INSERT INTO public.ascents (id, route_id, tick_type, ascent_date, notes, created_at, user_id) VALUES (11, 11, 'toprope', '2026-04-06', 'Great day out on L''Angle Ben''s.', '2026-06-15 08:53:53.665558+00', 3);
INSERT INTO public.ascents (id, route_id, tick_type, ascent_date, notes, created_at, user_id) VALUES (12, 2, 'redpoint', '2026-06-08', 'Great day out on Spiderman.', '2026-06-15 08:53:53.666816+00', 1);
INSERT INTO public.ascents (id, route_id, tick_type, ascent_date, notes, created_at, user_id) VALUES (13, 4, 'attempt', '2026-05-25', 'Great day out on Arcobaleno.', '2026-06-15 08:53:53.667215+00', 1);
INSERT INTO public.ascents (id, route_id, tick_type, ascent_date, notes, created_at, user_id) VALUES (14, 6, 'flash', '2026-05-11', 'Great day out on Aegialis.', '2026-06-15 08:53:53.667573+00', 1);
INSERT INTO public.ascents (id, route_id, tick_type, ascent_date, notes, created_at, user_id) VALUES (15, 8, 'toprope', '2026-04-27', 'Great day out on Monahiko Kyma.', '2026-06-15 08:53:53.667906+00', 1);
INSERT INTO public.ascents (id, route_id, tick_type, ascent_date, notes, created_at, user_id) VALUES (16, 10, 'onsight', '2026-04-13', 'Great day out on L''Abattoir.', '2026-06-15 08:53:53.668221+00', 1);
INSERT INTO public.ascents (id, route_id, tick_type, ascent_date, notes, created_at, user_id) VALUES (17, 12, 'redpoint', '2026-03-30', 'Great day out on Aerodynamite.', '2026-06-15 08:53:53.668506+00', 1);
SELECT pg_catalog.setval('public.ascents_id_seq', 17, true);

-- ============================ gear_items ============================
INSERT INTO public.gear_items (id, user_id, name, category, brand, purchased_on, notes, created_at, retired_on) VALUES (1, 2, 'Mammut 9.5 Crag Classic', 'rope', 'Mammut', '2025-08-04', '70m single, workhorse.', '2026-06-15 08:53:53.668867+00', NULL);
INSERT INTO public.gear_items (id, user_id, name, category, brand, purchased_on, notes, created_at, retired_on) VALUES (2, 2, 'Petzl Spirit', 'quickdraws', 'Petzl', '2025-09-28', 'Set of 12.', '2026-06-15 08:53:53.669757+00', NULL);
INSERT INTO public.gear_items (id, user_id, name, category, brand, purchased_on, notes, created_at, retired_on) VALUES (3, 2, 'Scarpa Instinct VS', 'shoes', 'Scarpa', '2025-08-29', 'Resoled once.', '2026-06-15 08:53:53.670389+00', NULL);
INSERT INTO public.gear_items (id, user_id, name, category, brand, purchased_on, notes, created_at, retired_on) VALUES (4, 3, 'La Sportiva Solution', 'shoes', 'La Sportiva', '2025-08-19', 'Bouldering go-to.', '2026-06-15 08:53:53.670936+00', NULL);
INSERT INTO public.gear_items (id, user_id, name, category, brand, purchased_on, notes, created_at, retired_on) VALUES (5, 3, 'Black Diamond Mondo', 'bouldering', 'Black Diamond', '2025-08-24', 'Huge highball pad.', '2026-06-15 08:53:53.671474+00', NULL);
INSERT INTO public.gear_items (id, user_id, name, category, brand, purchased_on, notes, created_at, retired_on) VALUES (6, 1, 'Edelrid Ohm', 'safety', 'Edelrid', '2025-10-03', 'For big weight differences.', '2026-06-15 08:53:53.671936+00', NULL);
SELECT pg_catalog.setval('public.gear_items_id_seq', 6, true);

-- ============================ gear_reviews ============================
INSERT INTO public.gear_reviews (id, user_id, product, rating, body, created_at) VALUES (1, 2, 'Scarpa Instinct VS', 5, 'Stiff edging machine, holds up to multiple resoles.', '2026-06-15 08:53:53.672581+00');
INSERT INTO public.gear_reviews (id, user_id, product, rating, body, created_at) VALUES (2, 3, 'La Sportiva Solution', 4, 'Incredible on overhangs, a touch aggressive for long routes.', '2026-06-15 08:53:53.673275+00');
INSERT INTO public.gear_reviews (id, user_id, product, rating, body, created_at) VALUES (3, 1, 'Edelrid Ohm', 5, 'Game changer for belaying lighter partners.', '2026-06-15 08:53:53.673813+00');
SELECT pg_catalog.setval('public.gear_reviews_id_seq', 3, true);

-- ============================ forum_topics ============================
INSERT INTO public.forum_topics (id, title, user_id, created_at) VALUES (1, 'Best time of year for Kalymnos?', 2, '2026-06-15 08:53:53.674329+00');
INSERT INTO public.forum_topics (id, title, user_id, created_at) VALUES (2, 'Font slopers — any friction tips?', 3, '2026-06-15 08:53:53.677023+00');
SELECT pg_catalog.setval('public.forum_topics_id_seq', 2, true);

-- ============================ forum_posts ============================
INSERT INTO public.forum_posts (id, topic_id, user_id, body, created_at) VALUES (1, 1, 2, 'Thinking of booking a trip — is October too hot?', '2026-06-15 08:53:53.675063+00');
INSERT INTO public.forum_posts (id, topic_id, user_id, body, created_at) VALUES (2, 1, 3, 'October is perfect, sea''s still warm and the crags get shade.', '2026-06-15 08:53:53.675981+00');
INSERT INTO public.forum_posts (id, topic_id, user_id, body, created_at) VALUES (3, 1, 1, '+1 for October. Avoid August unless you like sweating off jugs.', '2026-06-15 08:53:53.676572+00');
INSERT INTO public.forum_posts (id, topic_id, user_id, body, created_at) VALUES (4, 2, 3, 'I keep greasing off the Cuvier slopers. Brush + chalk routine?', '2026-06-15 08:53:53.677556+00');
INSERT INTO public.forum_posts (id, topic_id, user_id, body, created_at) VALUES (5, 2, 2, 'Climb early when it''s cold and dry, and brush every attempt.', '2026-06-15 08:53:53.67801+00');
SELECT pg_catalog.setval('public.forum_posts_id_seq', 5, true);

-- ============================ entity_reviews ============================
INSERT INTO public.entity_reviews (id, entity_type, entity_id, user_id, rating, body, created_at) VALUES (1, 'crag', 1, 2, 5, 'World-class limestone, sunny all winter. A must-visit.', '2026-06-15 11:19:18.298863+00');
INSERT INTO public.entity_reviews (id, entity_type, entity_id, user_id, rating, body, created_at) VALUES (2, 'crag', 1, 3, 4, 'Brilliant rock but can get crowded on weekends.', '2026-06-15 11:19:18.298863+00');
INSERT INTO public.entity_reviews (id, entity_type, entity_id, user_id, rating, body, created_at) VALUES (3, 'sector', 1, 3, 5, 'Massone never disappoints — shade in the afternoon is clutch.', '2026-06-15 11:19:18.298863+00');
INSERT INTO public.entity_reviews (id, entity_type, entity_id, user_id, rating, body, created_at) VALUES (4, 'route', 1, 3, 4, 'Lovely technical slab, polished in places.', '2026-06-15 11:19:18.298863+00');
INSERT INTO public.entity_reviews (id, entity_type, entity_id, user_id, rating, body, created_at) VALUES (5, 'crag', 3, 4, 4, 'test', '2026-06-15 11:20:14.388219+00');
SELECT pg_catalog.setval('public.entity_reviews_id_seq', 5, true);

COMMIT;
